uri_equipo,uri_equipo_temporada,temporada,ano_inicio,nombre_equipo,id_liga
https://www.proballers.com/es/baloncesto/equipo/911/amics-castello,https://www.proballers.com/es/baloncesto/equipo/911/amics-castello/2015,2015-2016,2015,Amics Castello,194
https://www.proballers.com/es/baloncesto/equipo/2110/c-b-prat,https://www.proballers.com/es/baloncesto/equipo/2110/c-b-prat/2015,2015-2016,2015,CB Prat,194
https://www.proballers.com/es/baloncesto/equipo/152/caceres,https://www.proballers.com/es/baloncesto/equipo/152/caceres/2015,2015-2016,2015,Caceres,194
https://www.proballers.com/es/baloncesto/equipo/149/rio-breogan,https://www.proballers.com/es/baloncesto/equipo/149/rio-breogan/2015,2015-2016,2015,Cafés Candelas Breogán,194
https://www.proballers.com/es/baloncesto/equipo/910/rioverde-clavijo,https://www.proballers.com/es/baloncesto/equipo/910/rioverde-clavijo/2015,2015-2016,2015,Clavijo CB,194
https://www.proballers.com/es/baloncesto/equipo/2244/fc-barcelona-ii,https://www.proballers.com/es/baloncesto/equipo/2244/fc-barcelona-ii/2015,2015-2016,2015,FC Barcelona II,194
https://www.proballers.com/es/baloncesto/equipo/219/hiopos-lleida,https://www.proballers.com/es/baloncesto/equipo/219/hiopos-lleida/2015,2015-2016,2015,Hiopos Lleida,194
https://www.proballers.com/es/baloncesto/equipo/1564/levitec-huesca,https://www.proballers.com/es/baloncesto/equipo/1564/levitec-huesca/2015,2015-2016,2015,Huesca,194
https://www.proballers.com/es/baloncesto/equipo/2114/leyma-coruna,https://www.proballers.com/es/baloncesto/equipo/2114/leyma-coruna/2015,2015-2016,2015,Leyma Coruña,194
https://www.proballers.com/es/baloncesto/equipo/2243/alimerka-oviedo,https://www.proballers.com/es/baloncesto/equipo/2243/alimerka-oviedo/2015,2015-2016,2015,Liberbank Oviedo,194
https://www.proballers.com/es/baloncesto/equipo/667/melilla-ciudad-del-deporte-1,https://www.proballers.com/es/baloncesto/equipo/667/melilla-ciudad-del-deporte-1/2015,2015-2016,2015,Melilla Ciudad Del Deporte 1,194
https://www.proballers.com/es/baloncesto/equipo/2113/navarra,https://www.proballers.com/es/baloncesto/equipo/2113/navarra/2015,2015-2016,2015,Navarra,194
https://www.proballers.com/es/baloncesto/equipo/670/ourense,https://www.proballers.com/es/baloncesto/equipo/670/ourense/2015,2015-2016,2015,Ourense,194
https://www.proballers.com/es/baloncesto/equipo/1562/super-agropal-palencia,https://www.proballers.com/es/baloncesto/equipo/1562/super-agropal-palencia/2015,2015-2016,2015,Palencia,194
https://www.proballers.com/es/baloncesto/equipo/2796/fibwi-palma,https://www.proballers.com/es/baloncesto/equipo/2796/fibwi-palma/2015,2015-2016,2015,Palma,194
https://www.proballers.com/es/baloncesto/equipo/909/san-pablo-burgos,https://www.proballers.com/es/baloncesto/equipo/909/san-pablo-burgos/2015,2015-2016,2015,San Pablo Burgos,194
https://www.proballers.com/es/baloncesto/equipo/911/amics-castello,https://www.proballers.com/es/baloncesto/equipo/911/amics-castello/2016,2016-2017,2016,Amics Castello,194
https://www.proballers.com/es/baloncesto/equipo/2556/araberri-basket-club,https://www.proballers.com/es/baloncesto/equipo/2556/araberri-basket-club/2016,2016-2017,2016,Araberri Basket Club,194
https://www.proballers.com/es/baloncesto/equipo/2110/c-b-prat,https://www.proballers.com/es/baloncesto/equipo/2110/c-b-prat/2016,2016-2017,2016,CB Prat,194
https://www.proballers.com/es/baloncesto/equipo/152/caceres,https://www.proballers.com/es/baloncesto/equipo/152/caceres/2016,2016-2017,2016,Caceres,194
https://www.proballers.com/es/baloncesto/equipo/149/rio-breogan,https://www.proballers.com/es/baloncesto/equipo/149/rio-breogan/2016,2016-2017,2016,Cafés Candelas Breogán,194
https://www.proballers.com/es/baloncesto/equipo/910/rioverde-clavijo,https://www.proballers.com/es/baloncesto/equipo/910/rioverde-clavijo/2016,2016-2017,2016,Clavijo CB,194
https://www.proballers.com/es/baloncesto/equipo/908/gipuzkoa-basket,https://www.proballers.com/es/baloncesto/equipo/908/gipuzkoa-basket/2016,2016-2017,2016,Delteco GBC,194
https://www.proballers.com/es/baloncesto/equipo/2244/fc-barcelona-ii,https://www.proballers.com/es/baloncesto/equipo/2244/fc-barcelona-ii/2016,2016-2017,2016,FC Barcelona II,194
https://www.proballers.com/es/baloncesto/equipo/219/hiopos-lleida,https://www.proballers.com/es/baloncesto/equipo/219/hiopos-lleida/2016,2016-2017,2016,Hiopos Lleida,194
https://www.proballers.com/es/baloncesto/equipo/1564/levitec-huesca,https://www.proballers.com/es/baloncesto/equipo/1564/levitec-huesca/2016,2016-2017,2016,Huesca,194
https://www.proballers.com/es/baloncesto/equipo/2114/leyma-coruna,https://www.proballers.com/es/baloncesto/equipo/2114/leyma-coruna/2016,2016-2017,2016,Leyma Coruña,194
https://www.proballers.com/es/baloncesto/equipo/2243/alimerka-oviedo,https://www.proballers.com/es/baloncesto/equipo/2243/alimerka-oviedo/2016,2016-2017,2016,Liberbank Oviedo,194
https://www.proballers.com/es/baloncesto/equipo/3006/marin-peixe-galego,https://www.proballers.com/es/baloncesto/equipo/3006/marin-peixe-galego/2016,2016-2017,2016,Marin Peixe Galego,194
https://www.proballers.com/es/baloncesto/equipo/667/melilla-ciudad-del-deporte-1,https://www.proballers.com/es/baloncesto/equipo/667/melilla-ciudad-del-deporte-1/2016,2016-2017,2016,Melilla Ciudad Del Deporte 1,194
https://www.proballers.com/es/baloncesto/equipo/670/ourense,https://www.proballers.com/es/baloncesto/equipo/670/ourense/2016,2016-2017,2016,Ourense,194
https://www.proballers.com/es/baloncesto/equipo/1562/super-agropal-palencia,https://www.proballers.com/es/baloncesto/equipo/1562/super-agropal-palencia/2016,2016-2017,2016,Palencia,194
https://www.proballers.com/es/baloncesto/equipo/2796/fibwi-palma,https://www.proballers.com/es/baloncesto/equipo/2796/fibwi-palma/2016,2016-2017,2016,Palma,194
https://www.proballers.com/es/baloncesto/equipo/909/san-pablo-burgos,https://www.proballers.com/es/baloncesto/equipo/909/san-pablo-burgos/2016,2016-2017,2016,San Pablo Burgos,194
https://www.proballers.com/es/baloncesto/equipo/911/amics-castello,https://www.proballers.com/es/baloncesto/equipo/911/amics-castello/2017,2017-2018,2017,Amics Castello,194
https://www.proballers.com/es/baloncesto/equipo/2556/araberri-basket-club,https://www.proballers.com/es/baloncesto/equipo/2556/araberri-basket-club/2017,2017-2018,2017,Araberri Basket Club,194
https://www.proballers.com/es/baloncesto/equipo/2110/c-b-prat,https://www.proballers.com/es/baloncesto/equipo/2110/c-b-prat/2017,2017-2018,2017,CB Prat,194
https://www.proballers.com/es/baloncesto/equipo/152/caceres,https://www.proballers.com/es/baloncesto/equipo/152/caceres/2017,2017-2018,2017,Caceres,194
https://www.proballers.com/es/baloncesto/equipo/149/rio-breogan,https://www.proballers.com/es/baloncesto/equipo/149/rio-breogan/2017,2017-2018,2017,Cafés Candelas Breogán,194
https://www.proballers.com/es/baloncesto/equipo/910/rioverde-clavijo,https://www.proballers.com/es/baloncesto/equipo/910/rioverde-clavijo/2017,2017-2018,2017,Clavijo CB,194
https://www.proballers.com/es/baloncesto/equipo/146/real-valladolid,https://www.proballers.com/es/baloncesto/equipo/146/real-valladolid/2017,2017-2018,2017,Clínica Sur-Aspasia RVB,194
https://www.proballers.com/es/baloncesto/equipo/2244/fc-barcelona-ii,https://www.proballers.com/es/baloncesto/equipo/2244/fc-barcelona-ii/2017,2017-2018,2017,FC Barcelona II,194
https://www.proballers.com/es/baloncesto/equipo/219/hiopos-lleida,https://www.proballers.com/es/baloncesto/equipo/219/hiopos-lleida/2017,2017-2018,2017,Hiopos Lleida,194
https://www.proballers.com/es/baloncesto/equipo/1564/levitec-huesca,https://www.proballers.com/es/baloncesto/equipo/1564/levitec-huesca/2017,2017-2018,2017,Huesca,194
https://www.proballers.com/es/baloncesto/equipo/405/baxi-manresa,https://www.proballers.com/es/baloncesto/equipo/405/baxi-manresa/2017,2017-2018,2017,ICL Manresa,194
https://www.proballers.com/es/baloncesto/equipo/2245/biele-isb,https://www.proballers.com/es/baloncesto/equipo/2245/biele-isb/2017,2017-2018,2017,Juaristi ISB,194
https://www.proballers.com/es/baloncesto/equipo/2114/leyma-coruna,https://www.proballers.com/es/baloncesto/equipo/2114/leyma-coruna/2017,2017-2018,2017,Leyma Coruña,194
https://www.proballers.com/es/baloncesto/equipo/2243/alimerka-oviedo,https://www.proballers.com/es/baloncesto/equipo/2243/alimerka-oviedo/2017,2017-2018,2017,Liberbank Oviedo,194
https://www.proballers.com/es/baloncesto/equipo/667/melilla-ciudad-del-deporte-1,https://www.proballers.com/es/baloncesto/equipo/667/melilla-ciudad-del-deporte-1/2017,2017-2018,2017,Melilla Ciudad Del Deporte 1,194
https://www.proballers.com/es/baloncesto/equipo/670/ourense,https://www.proballers.com/es/baloncesto/equipo/670/ourense/2017,2017-2018,2017,Ourense,194
https://www.proballers.com/es/baloncesto/equipo/1562/super-agropal-palencia,https://www.proballers.com/es/baloncesto/equipo/1562/super-agropal-palencia/2017,2017-2018,2017,Palencia,194
https://www.proballers.com/es/baloncesto/equipo/2796/fibwi-palma,https://www.proballers.com/es/baloncesto/equipo/2796/fibwi-palma/2017,2017-2018,2017,Palma,194
https://www.proballers.com/es/baloncesto/equipo/911/amics-castello,https://www.proballers.com/es/baloncesto/equipo/911/amics-castello/2018,2018-2019,2018,Amics Castello,194
https://www.proballers.com/es/baloncesto/equipo/2556/araberri-basket-club,https://www.proballers.com/es/baloncesto/equipo/2556/araberri-basket-club/2018,2018-2019,2018,Araberri Basket Club,194
https://www.proballers.com/es/baloncesto/equipo/2110/c-b-prat,https://www.proballers.com/es/baloncesto/equipo/2110/c-b-prat/2018,2018-2019,2018,CB Prat,194
https://www.proballers.com/es/baloncesto/equipo/152/caceres,https://www.proballers.com/es/baloncesto/equipo/152/caceres/2018,2018-2019,2018,Caceres,194
https://www.proballers.com/es/baloncesto/equipo/146/real-valladolid,https://www.proballers.com/es/baloncesto/equipo/146/real-valladolid/2018,2018-2019,2018,Clínica Sur-Aspasia RVB,194
https://www.proballers.com/es/baloncesto/equipo/218/coviran-granada,https://www.proballers.com/es/baloncesto/equipo/218/coviran-granada/2018,2018-2019,2018,Coviran Granada,194
https://www.proballers.com/es/baloncesto/equipo/2244/fc-barcelona-ii,https://www.proballers.com/es/baloncesto/equipo/2244/fc-barcelona-ii/2018,2018-2019,2018,FC Barcelona II,194
https://www.proballers.com/es/baloncesto/equipo/219/hiopos-lleida,https://www.proballers.com/es/baloncesto/equipo/219/hiopos-lleida/2018,2018-2019,2018,Hiopos Lleida,194
https://www.proballers.com/es/baloncesto/equipo/1564/levitec-huesca,https://www.proballers.com/es/baloncesto/equipo/1564/levitec-huesca/2018,2018-2019,2018,Huesca,194
https://www.proballers.com/es/baloncesto/equipo/2114/leyma-coruna,https://www.proballers.com/es/baloncesto/equipo/2114/leyma-coruna/2018,2018-2019,2018,Leyma Coruña,194
https://www.proballers.com/es/baloncesto/equipo/2243/alimerka-oviedo,https://www.proballers.com/es/baloncesto/equipo/2243/alimerka-oviedo/2018,2018-2019,2018,Liberbank Oviedo,194
https://www.proballers.com/es/baloncesto/equipo/667/melilla-ciudad-del-deporte-1,https://www.proballers.com/es/baloncesto/equipo/667/melilla-ciudad-del-deporte-1/2018,2018-2019,2018,Melilla Ciudad Del Deporte 1,194
https://www.proballers.com/es/baloncesto/equipo/670/ourense,https://www.proballers.com/es/baloncesto/equipo/670/ourense/2018,2018-2019,2018,Ourense,194
https://www.proballers.com/es/baloncesto/equipo/1562/super-agropal-palencia,https://www.proballers.com/es/baloncesto/equipo/1562/super-agropal-palencia/2018,2018-2019,2018,Palencia,194
https://www.proballers.com/es/baloncesto/equipo/2796/fibwi-palma,https://www.proballers.com/es/baloncesto/equipo/2796/fibwi-palma/2018,2018-2019,2018,Palma,194
https://www.proballers.com/es/baloncesto/equipo/844/surne-bilbao,https://www.proballers.com/es/baloncesto/equipo/844/surne-bilbao/2018,2018-2019,2018,RETAbet Bilbao,194
https://www.proballers.com/es/baloncesto/equipo/158/real-betis,https://www.proballers.com/es/baloncesto/equipo/158/real-betis/2018,2018-2019,2018,Real Betis,194
https://www.proballers.com/es/baloncesto/equipo/13206/real-canoe-n-c,https://www.proballers.com/es/baloncesto/equipo/13206/real-canoe-n-c/2018,2018-2019,2018,Real Canoe,194
https://www.proballers.com/es/baloncesto/equipo/13354/almansa-con-afanion,https://www.proballers.com/es/baloncesto/equipo/13354/almansa-con-afanion/2019,2019-2020,2019,Almansa Con Afanion,194
https://www.proballers.com/es/baloncesto/equipo/911/amics-castello,https://www.proballers.com/es/baloncesto/equipo/911/amics-castello/2019,2019-2020,2019,Amics Castello,194
https://www.proballers.com/es/baloncesto/equipo/152/caceres,https://www.proballers.com/es/baloncesto/equipo/152/caceres/2019,2019-2020,2019,Caceres,194
https://www.proballers.com/es/baloncesto/equipo/146/real-valladolid,https://www.proballers.com/es/baloncesto/equipo/146/real-valladolid/2019,2019-2020,2019,Clínica Sur-Aspasia RVB,194
https://www.proballers.com/es/baloncesto/equipo/218/coviran-granada,https://www.proballers.com/es/baloncesto/equipo/218/coviran-granada/2019,2019-2020,2019,Coviran Granada,194
https://www.proballers.com/es/baloncesto/equipo/908/gipuzkoa-basket,https://www.proballers.com/es/baloncesto/equipo/908/gipuzkoa-basket/2019,2019-2020,2019,Delteco GBC,194
https://www.proballers.com/es/baloncesto/equipo/151/hla-alicante,https://www.proballers.com/es/baloncesto/equipo/151/hla-alicante/2019,2019-2020,2019,HLA Alicante,194
https://www.proballers.com/es/baloncesto/equipo/219/hiopos-lleida,https://www.proballers.com/es/baloncesto/equipo/219/hiopos-lleida/2019,2019-2020,2019,Hiopos Lleida,194
https://www.proballers.com/es/baloncesto/equipo/1564/levitec-huesca,https://www.proballers.com/es/baloncesto/equipo/1564/levitec-huesca/2019,2019-2020,2019,Huesca,194
https://www.proballers.com/es/baloncesto/equipo/149/rio-breogan,https://www.proballers.com/es/baloncesto/equipo/149/rio-breogan/2019,2019-2020,2019,Leche Río Breogán,194
https://www.proballers.com/es/baloncesto/equipo/2114/leyma-coruna,https://www.proballers.com/es/baloncesto/equipo/2114/leyma-coruna/2019,2019-2020,2019,Leyma Coruña,194
https://www.proballers.com/es/baloncesto/equipo/2243/alimerka-oviedo,https://www.proballers.com/es/baloncesto/equipo/2243/alimerka-oviedo/2019,2019-2020,2019,Liberbank Oviedo,194
https://www.proballers.com/es/baloncesto/equipo/3006/marin-peixe-galego,https://www.proballers.com/es/baloncesto/equipo/3006/marin-peixe-galego/2019,2019-2020,2019,Marin Peixe Galego,194
https://www.proballers.com/es/baloncesto/equipo/667/melilla-ciudad-del-deporte-1,https://www.proballers.com/es/baloncesto/equipo/667/melilla-ciudad-del-deporte-1/2019,2019-2020,2019,Melilla Ciudad Del Deporte 1,194
https://www.proballers.com/es/baloncesto/equipo/670/ourense,https://www.proballers.com/es/baloncesto/equipo/670/ourense/2019,2019-2020,2019,Ourense,194
https://www.proballers.com/es/baloncesto/equipo/1562/super-agropal-palencia,https://www.proballers.com/es/baloncesto/equipo/1562/super-agropal-palencia/2019,2019-2020,2019,Palencia,194
https://www.proballers.com/es/baloncesto/equipo/2796/fibwi-palma,https://www.proballers.com/es/baloncesto/equipo/2796/fibwi-palma/2019,2019-2020,2019,Palma,194
https://www.proballers.com/es/baloncesto/equipo/13206/real-canoe-n-c,https://www.proballers.com/es/baloncesto/equipo/13206/real-canoe-n-c/2019,2019-2020,2019,Real Canoe,194
https://www.proballers.com/es/baloncesto/equipo/13354/almansa-con-afanion,https://www.proballers.com/es/baloncesto/equipo/13354/almansa-con-afanion/2020,2020-2021,2020,Almansa Con Afanion,194
https://www.proballers.com/es/baloncesto/equipo/911/amics-castello,https://www.proballers.com/es/baloncesto/equipo/911/amics-castello/2020,2020-2021,2020,Amics Castello,194
https://www.proballers.com/es/baloncesto/equipo/13356/basquet-girona,https://www.proballers.com/es/baloncesto/equipo/13356/basquet-girona/2020,2020-2021,2020,Basquet Girona,194
https://www.proballers.com/es/baloncesto/equipo/152/caceres,https://www.proballers.com/es/baloncesto/equipo/152/caceres/2020,2020-2021,2020,Caceres,194
https://www.proballers.com/es/baloncesto/equipo/146/real-valladolid,https://www.proballers.com/es/baloncesto/equipo/146/real-valladolid/2020,2020-2021,2020,Clínica Sur-Aspasia RVB,194
https://www.proballers.com/es/baloncesto/equipo/218/coviran-granada,https://www.proballers.com/es/baloncesto/equipo/218/coviran-granada/2020,2020-2021,2020,Coviran Granada,194
https://www.proballers.com/es/baloncesto/equipo/151/hla-alicante,https://www.proballers.com/es/baloncesto/equipo/151/hla-alicante/2020,2020-2021,2020,HLA Alicante,194
https://www.proballers.com/es/baloncesto/equipo/219/hiopos-lleida,https://www.proballers.com/es/baloncesto/equipo/219/hiopos-lleida/2020,2020-2021,2020,Hiopos Lleida,194
https://www.proballers.com/es/baloncesto/equipo/1564/levitec-huesca,https://www.proballers.com/es/baloncesto/equipo/1564/levitec-huesca/2020,2020-2021,2020,Huesca,194
https://www.proballers.com/es/baloncesto/equipo/149/rio-breogan,https://www.proballers.com/es/baloncesto/equipo/149/rio-breogan/2020,2020-2021,2020,Leche Río Breogán,194
https://www.proballers.com/es/baloncesto/equipo/2114/leyma-coruna,https://www.proballers.com/es/baloncesto/equipo/2114/leyma-coruna/2020,2020-2021,2020,Leyma Coruña,194
https://www.proballers.com/es/baloncesto/equipo/2243/alimerka-oviedo,https://www.proballers.com/es/baloncesto/equipo/2243/alimerka-oviedo/2020,2020-2021,2020,Liberbank Oviedo,194
https://www.proballers.com/es/baloncesto/equipo/667/melilla-ciudad-del-deporte-1,https://www.proballers.com/es/baloncesto/equipo/667/melilla-ciudad-del-deporte-1/2020,2020-2021,2020,Melilla Ciudad Del Deporte 1,194
https://www.proballers.com/es/baloncesto/equipo/670/ourense,https://www.proballers.com/es/baloncesto/equipo/670/ourense/2020,2020-2021,2020,Ourense,194
https://www.proballers.com/es/baloncesto/equipo/1562/super-agropal-palencia,https://www.proballers.com/es/baloncesto/equipo/1562/super-agropal-palencia/2020,2020-2021,2020,Palencia,194
https://www.proballers.com/es/baloncesto/equipo/2796/fibwi-palma,https://www.proballers.com/es/baloncesto/equipo/2796/fibwi-palma/2020,2020-2021,2020,Palma,194
https://www.proballers.com/es/baloncesto/equipo/13206/real-canoe-n-c,https://www.proballers.com/es/baloncesto/equipo/13206/real-canoe-n-c/2020,2020-2021,2020,Real Canoe,194
https://www.proballers.com/es/baloncesto/equipo/13201/real-murcia,https://www.proballers.com/es/baloncesto/equipo/13201/real-murcia/2020,2020-2021,2020,Real Murcia,194
https://www.proballers.com/es/baloncesto/equipo/13448/ubu-tizona-burgos,https://www.proballers.com/es/baloncesto/equipo/13448/ubu-tizona-burgos/2020,2020-2021,2020,UBU Tizona Burgos,194
https://www.proballers.com/es/baloncesto/equipo/908/gipuzkoa-basket,https://www.proballers.com/es/baloncesto/equipo/908/gipuzkoa-basket/2021,2021-2022,2021,Acunsa Gipuzkoa,194
https://www.proballers.com/es/baloncesto/equipo/13354/almansa-con-afanion,https://www.proballers.com/es/baloncesto/equipo/13354/almansa-con-afanion/2021,2021-2022,2021,Almansa Con Afanion,194
https://www.proballers.com/es/baloncesto/equipo/911/amics-castello,https://www.proballers.com/es/baloncesto/equipo/911/amics-castello/2021,2021-2022,2021,Amics Castello,194
https://www.proballers.com/es/baloncesto/equipo/13356/basquet-girona,https://www.proballers.com/es/baloncesto/equipo/13356/basquet-girona/2021,2021-2022,2021,Basquet Girona,194
https://www.proballers.com/es/baloncesto/equipo/2110/c-b-prat,https://www.proballers.com/es/baloncesto/equipo/2110/c-b-prat/2021,2021-2022,2021,CB Prat,194
https://www.proballers.com/es/baloncesto/equipo/152/caceres,https://www.proballers.com/es/baloncesto/equipo/152/caceres/2021,2021-2022,2021,Caceres,194
https://www.proballers.com/es/baloncesto/equipo/218/coviran-granada,https://www.proballers.com/es/baloncesto/equipo/218/coviran-granada/2021,2021-2022,2021,Coviran Granada,194
https://www.proballers.com/es/baloncesto/equipo/151/hla-alicante,https://www.proballers.com/es/baloncesto/equipo/151/hla-alicante/2021,2021-2022,2021,HLA Alicante,194
https://www.proballers.com/es/baloncesto/equipo/219/hiopos-lleida,https://www.proballers.com/es/baloncesto/equipo/219/hiopos-lleida/2021,2021-2022,2021,Hiopos Lleida,194
https://www.proballers.com/es/baloncesto/equipo/1564/levitec-huesca,https://www.proballers.com/es/baloncesto/equipo/1564/levitec-huesca/2021,2021-2022,2021,Huesca,194
https://www.proballers.com/es/baloncesto/equipo/2245/biele-isb,https://www.proballers.com/es/baloncesto/equipo/2245/biele-isb/2021,2021-2022,2021,Juaristi ISB,194
https://www.proballers.com/es/baloncesto/equipo/2114/leyma-coruna,https://www.proballers.com/es/baloncesto/equipo/2114/leyma-coruna/2021,2021-2022,2021,Leyma Coruña,194
https://www.proballers.com/es/baloncesto/equipo/667/melilla-ciudad-del-deporte-1,https://www.proballers.com/es/baloncesto/equipo/667/melilla-ciudad-del-deporte-1/2021,2021-2022,2021,Melilla Ciudad Del Deporte 1,194
https://www.proballers.com/es/baloncesto/equipo/147/movistar-estudiantes,https://www.proballers.com/es/baloncesto/equipo/147/movistar-estudiantes/2021,2021-2022,2021,Movistar Estudiantes,194
https://www.proballers.com/es/baloncesto/equipo/2243/alimerka-oviedo,https://www.proballers.com/es/baloncesto/equipo/2243/alimerka-oviedo/2021,2021-2022,2021,Oviedo,194
https://www.proballers.com/es/baloncesto/equipo/1562/super-agropal-palencia,https://www.proballers.com/es/baloncesto/equipo/1562/super-agropal-palencia/2021,2021-2022,2021,Palencia,194
https://www.proballers.com/es/baloncesto/equipo/2796/fibwi-palma,https://www.proballers.com/es/baloncesto/equipo/2796/fibwi-palma/2021,2021-2022,2021,Palma,194
https://www.proballers.com/es/baloncesto/equipo/146/real-valladolid,https://www.proballers.com/es/baloncesto/equipo/146/real-valladolid/2021,2021-2022,2021,Real Valladolid,194
https://www.proballers.com/es/baloncesto/equipo/908/gipuzkoa-basket,https://www.proballers.com/es/baloncesto/equipo/908/gipuzkoa-basket/2022,2022-2023,2022,Acunsa Gipuzkoa,194
https://www.proballers.com/es/baloncesto/equipo/3175/albacete,https://www.proballers.com/es/baloncesto/equipo/3175/albacete/2022,2022-2023,2022,Albacete,194
https://www.proballers.com/es/baloncesto/equipo/13354/almansa-con-afanion,https://www.proballers.com/es/baloncesto/equipo/13354/almansa-con-afanion/2022,2022-2023,2022,Almansa Con Afanion,194
https://www.proballers.com/es/baloncesto/equipo/911/amics-castello,https://www.proballers.com/es/baloncesto/equipo/911/amics-castello/2022,2022-2023,2022,Amics Castello,194
https://www.proballers.com/es/baloncesto/equipo/670/ourense,https://www.proballers.com/es/baloncesto/equipo/670/ourense/2022,2022-2023,2022,CB Ourense,194
https://www.proballers.com/es/baloncesto/equipo/152/caceres,https://www.proballers.com/es/baloncesto/equipo/152/caceres/2022,2022-2023,2022,Caceres,194
https://www.proballers.com/es/baloncesto/equipo/13446/grupo-alega-cantabria,https://www.proballers.com/es/baloncesto/equipo/13446/grupo-alega-cantabria/2022,2022-2023,2022,Cantabria,194
https://www.proballers.com/es/baloncesto/equipo/151/hla-alicante,https://www.proballers.com/es/baloncesto/equipo/151/hla-alicante/2022,2022-2023,2022,HLA Alicante,194
https://www.proballers.com/es/baloncesto/equipo/219/hiopos-lleida,https://www.proballers.com/es/baloncesto/equipo/219/hiopos-lleida/2022,2022-2023,2022,Hiopos Lleida,194
https://www.proballers.com/es/baloncesto/equipo/2245/biele-isb,https://www.proballers.com/es/baloncesto/equipo/2245/biele-isb/2022,2022-2023,2022,Juaristi ISB,194
https://www.proballers.com/es/baloncesto/equipo/2114/leyma-coruna,https://www.proballers.com/es/baloncesto/equipo/2114/leyma-coruna/2022,2022-2023,2022,Leyma Coruña,194
https://www.proballers.com/es/baloncesto/equipo/667/melilla-ciudad-del-deporte-1,https://www.proballers.com/es/baloncesto/equipo/667/melilla-ciudad-del-deporte-1/2022,2022-2023,2022,Melilla Ciudad Del Deporte 1,194
https://www.proballers.com/es/baloncesto/equipo/2111/morabanc-andorra,https://www.proballers.com/es/baloncesto/equipo/2111/morabanc-andorra/2022,2022-2023,2022,MoraBanc Andorra,194
https://www.proballers.com/es/baloncesto/equipo/147/movistar-estudiantes,https://www.proballers.com/es/baloncesto/equipo/147/movistar-estudiantes/2022,2022-2023,2022,Movistar Estudiantes,194
https://www.proballers.com/es/baloncesto/equipo/2243/alimerka-oviedo,https://www.proballers.com/es/baloncesto/equipo/2243/alimerka-oviedo/2022,2022-2023,2022,Oviedo,194
https://www.proballers.com/es/baloncesto/equipo/1562/super-agropal-palencia,https://www.proballers.com/es/baloncesto/equipo/1562/super-agropal-palencia/2022,2022-2023,2022,Palencia,194
https://www.proballers.com/es/baloncesto/equipo/146/real-valladolid,https://www.proballers.com/es/baloncesto/equipo/146/real-valladolid/2022,2022-2023,2022,Real Valladolid,194
https://www.proballers.com/es/baloncesto/equipo/909/san-pablo-burgos,https://www.proballers.com/es/baloncesto/equipo/909/san-pablo-burgos/2022,2022-2023,2022,San Pablo Burgos,194
https://www.proballers.com/es/baloncesto/equipo/908/gipuzkoa-basket,https://www.proballers.com/es/baloncesto/equipo/908/gipuzkoa-basket/2023,2023-2024,2023,Acunsa Gipuzkoa,194
https://www.proballers.com/es/baloncesto/equipo/911/amics-castello,https://www.proballers.com/es/baloncesto/equipo/911/amics-castello/2023,2023-2024,2023,Amics Castello,194
https://www.proballers.com/es/baloncesto/equipo/670/ourense,https://www.proballers.com/es/baloncesto/equipo/670/ourense/2023,2023-2024,2023,CB Ourense,194
https://www.proballers.com/es/baloncesto/equipo/152/caceres,https://www.proballers.com/es/baloncesto/equipo/152/caceres/2023,2023-2024,2023,Caceres,194
https://www.proballers.com/es/baloncesto/equipo/13446/grupo-alega-cantabria,https://www.proballers.com/es/baloncesto/equipo/13446/grupo-alega-cantabria/2023,2023-2024,2023,Cantabria,194
https://www.proballers.com/es/baloncesto/equipo/910/rioverde-clavijo,https://www.proballers.com/es/baloncesto/equipo/910/rioverde-clavijo/2023,2023-2024,2023,Clavijo CB,194
https://www.proballers.com/es/baloncesto/equipo/158/real-betis,https://www.proballers.com/es/baloncesto/equipo/158/real-betis/2023,2023-2024,2023,Coosur Real Betis,194
https://www.proballers.com/es/baloncesto/equipo/159/fuenlabrada,https://www.proballers.com/es/baloncesto/equipo/159/fuenlabrada/2023,2023-2024,2023,Fuenlabrada,194
https://www.proballers.com/es/baloncesto/equipo/151/hla-alicante,https://www.proballers.com/es/baloncesto/equipo/151/hla-alicante/2023,2023-2024,2023,HLA Alicante,194
https://www.proballers.com/es/baloncesto/equipo/669/hestia-menorca,https://www.proballers.com/es/baloncesto/equipo/669/hestia-menorca/2023,2023-2024,2023,Hestia Menorca,194
https://www.proballers.com/es/baloncesto/equipo/219/hiopos-lleida,https://www.proballers.com/es/baloncesto/equipo/219/hiopos-lleida/2023,2023-2024,2023,Hiopos Lleida,194
https://www.proballers.com/es/baloncesto/equipo/2114/leyma-coruna,https://www.proballers.com/es/baloncesto/equipo/2114/leyma-coruna/2023,2023-2024,2023,Leyma Coruña,194
https://www.proballers.com/es/baloncesto/equipo/667/melilla-ciudad-del-deporte-1,https://www.proballers.com/es/baloncesto/equipo/667/melilla-ciudad-del-deporte-1/2023,2023-2024,2023,Melilla Ciudad Del Deporte 1,194
https://www.proballers.com/es/baloncesto/equipo/147/movistar-estudiantes,https://www.proballers.com/es/baloncesto/equipo/147/movistar-estudiantes/2023,2023-2024,2023,Movistar Estudiantes,194
https://www.proballers.com/es/baloncesto/equipo/2243/alimerka-oviedo,https://www.proballers.com/es/baloncesto/equipo/2243/alimerka-oviedo/2023,2023-2024,2023,Oviedo,194
https://www.proballers.com/es/baloncesto/equipo/146/real-valladolid,https://www.proballers.com/es/baloncesto/equipo/146/real-valladolid/2023,2023-2024,2023,Real Valladolid,194
https://www.proballers.com/es/baloncesto/equipo/909/san-pablo-burgos,https://www.proballers.com/es/baloncesto/equipo/909/san-pablo-burgos/2023,2023-2024,2023,San Pablo Burgos,194
https://www.proballers.com/es/baloncesto/equipo/13448/ubu-tizona-burgos,https://www.proballers.com/es/baloncesto/equipo/13448/ubu-tizona-burgos/2023,2023-2024,2023,UBU Tizona Burgos,194
https://www.proballers.com/es/baloncesto/equipo/908/gipuzkoa-basket,https://www.proballers.com/es/baloncesto/equipo/908/gipuzkoa-basket/2024,2024-2025,2024,Acunsa Gipuzkoa,194
https://www.proballers.com/es/baloncesto/equipo/911/amics-castello,https://www.proballers.com/es/baloncesto/equipo/911/amics-castello/2024,2024-2025,2024,Amics Castello,194
https://www.proballers.com/es/baloncesto/equipo/3129/c-b-moron,https://www.proballers.com/es/baloncesto/equipo/3129/c-b-moron/2024,2024-2025,2024,C.B. Moron,194
https://www.proballers.com/es/baloncesto/equipo/670/ourense,https://www.proballers.com/es/baloncesto/equipo/670/ourense/2024,2024-2025,2024,CB Ourense,194
https://www.proballers.com/es/baloncesto/equipo/13446/grupo-alega-cantabria,https://www.proballers.com/es/baloncesto/equipo/13446/grupo-alega-cantabria/2024,2024-2025,2024,Cantabria,194
https://www.proballers.com/es/baloncesto/equipo/14472/cartagena,https://www.proballers.com/es/baloncesto/equipo/14472/cartagena/2024,2024-2025,2024,Cartagena,194
https://www.proballers.com/es/baloncesto/equipo/158/real-betis,https://www.proballers.com/es/baloncesto/equipo/158/real-betis/2024,2024-2025,2024,Coosur Real Betis,194
https://www.proballers.com/es/baloncesto/equipo/159/fuenlabrada,https://www.proballers.com/es/baloncesto/equipo/159/fuenlabrada/2024,2024-2025,2024,Fuenlabrada,194
https://www.proballers.com/es/baloncesto/equipo/151/hla-alicante,https://www.proballers.com/es/baloncesto/equipo/151/hla-alicante/2024,2024-2025,2024,HLA Alicante,194
https://www.proballers.com/es/baloncesto/equipo/669/hestia-menorca,https://www.proballers.com/es/baloncesto/equipo/669/hestia-menorca/2024,2024-2025,2024,Hestia Menorca,194
https://www.proballers.com/es/baloncesto/equipo/147/movistar-estudiantes,https://www.proballers.com/es/baloncesto/equipo/147/movistar-estudiantes/2024,2024-2025,2024,Movistar Estudiantes,194
https://www.proballers.com/es/baloncesto/equipo/1986/monbus-obradoiro,https://www.proballers.com/es/baloncesto/equipo/1986/monbus-obradoiro/2024,2024-2025,2024,Obradoiro CAB,194
https://www.proballers.com/es/baloncesto/equipo/2243/alimerka-oviedo,https://www.proballers.com/es/baloncesto/equipo/2243/alimerka-oviedo/2024,2024-2025,2024,Oviedo,194
https://www.proballers.com/es/baloncesto/equipo/1562/super-agropal-palencia,https://www.proballers.com/es/baloncesto/equipo/1562/super-agropal-palencia/2024,2024-2025,2024,Palencia,194
https://www.proballers.com/es/baloncesto/equipo/146/real-valladolid,https://www.proballers.com/es/baloncesto/equipo/146/real-valladolid/2024,2024-2025,2024,Real Valladolid,194
https://www.proballers.com/es/baloncesto/equipo/909/san-pablo-burgos,https://www.proballers.com/es/baloncesto/equipo/909/san-pablo-burgos/2024,2024-2025,2024,San Pablo Burgos,194
https://www.proballers.com/es/baloncesto/equipo/13448/ubu-tizona-burgos,https://www.proballers.com/es/baloncesto/equipo/13448/ubu-tizona-burgos/2024,2024-2025,2024,UBU Tizona Burgos,194
https://www.proballers.com/es/baloncesto/equipo/3176/cb-zamora,https://www.proballers.com/es/baloncesto/equipo/3176/cb-zamora/2024,2024-2025,2024,Zamora,194
https://www.proballers.com/es/baloncesto/equipo/908/gipuzkoa-basket,https://www.proballers.com/es/baloncesto/equipo/908/gipuzkoa-basket/2025,2025-2026,2025,Acunsa Gipuzkoa,194
https://www.proballers.com/es/baloncesto/equipo/670/ourense,https://www.proballers.com/es/baloncesto/equipo/670/ourense/2025,2025-2026,2025,CB Ourense,194
https://www.proballers.com/es/baloncesto/equipo/13446/grupo-alega-cantabria,https://www.proballers.com/es/baloncesto/equipo/13446/grupo-alega-cantabria/2025,2025-2026,2025,Cantabria,194
https://www.proballers.com/es/baloncesto/equipo/14472/cartagena,https://www.proballers.com/es/baloncesto/equipo/14472/cartagena/2025,2025-2026,2025,Cartagena,194
https://www.proballers.com/es/baloncesto/equipo/2796/fibwi-palma,https://www.proballers.com/es/baloncesto/equipo/2796/fibwi-palma/2025,2025-2026,2025,Fibwi Palma,194
https://www.proballers.com/es/baloncesto/equipo/159/fuenlabrada,https://www.proballers.com/es/baloncesto/equipo/159/fuenlabrada/2025,2025-2026,2025,Fuenlabrada,194
https://www.proballers.com/es/baloncesto/equipo/151/hla-alicante,https://www.proballers.com/es/baloncesto/equipo/151/hla-alicante/2025,2025-2026,2025,HLA Alicante,194
https://www.proballers.com/es/baloncesto/equipo/669/hestia-menorca,https://www.proballers.com/es/baloncesto/equipo/669/hestia-menorca/2025,2025-2026,2025,Hestia Menorca,194
https://www.proballers.com/es/baloncesto/equipo/2114/leyma-coruna,https://www.proballers.com/es/baloncesto/equipo/2114/leyma-coruna/2025,2025-2026,2025,Leyma Coruña,194
https://www.proballers.com/es/baloncesto/equipo/667/melilla-ciudad-del-deporte-1,https://www.proballers.com/es/baloncesto/equipo/667/melilla-ciudad-del-deporte-1/2025,2025-2026,2025,Melilla Ciudad Del Deporte 1,194
https://www.proballers.com/es/baloncesto/equipo/147/movistar-estudiantes,https://www.proballers.com/es/baloncesto/equipo/147/movistar-estudiantes/2025,2025-2026,2025,Movistar Estudiantes,194
https://www.proballers.com/es/baloncesto/equipo/1986/monbus-obradoiro,https://www.proballers.com/es/baloncesto/equipo/1986/monbus-obradoiro/2025,2025-2026,2025,Obradoiro CAB,194
https://www.proballers.com/es/baloncesto/equipo/2243/alimerka-oviedo,https://www.proballers.com/es/baloncesto/equipo/2243/alimerka-oviedo/2025,2025-2026,2025,Oviedo,194
https://www.proballers.com/es/baloncesto/equipo/1562/super-agropal-palencia,https://www.proballers.com/es/baloncesto/equipo/1562/super-agropal-palencia/2025,2025-2026,2025,Palencia,194
https://www.proballers.com/es/baloncesto/equipo/15213/palma-basquet-mallorca,https://www.proballers.com/es/baloncesto/equipo/15213/palma-basquet-mallorca/2025,2025-2026,2025,Palma Basquet Mallorca,194
https://www.proballers.com/es/baloncesto/equipo/13448/ubu-tizona-burgos,https://www.proballers.com/es/baloncesto/equipo/13448/ubu-tizona-burgos/2025,2025-2026,2025,UBU Tizona Burgos,194
https://www.proballers.com/es/baloncesto/equipo/3176/cb-zamora,https://www.proballers.com/es/baloncesto/equipo/3176/cb-zamora/2025,2025-2026,2025,Zamora,194
